<toolSet name="External Tools">
  <tool name="Black" description="Black is the uncompromising Python code formatter." showInMainMenu="false" showInEditor="false" showInProject="false" showInSearchPopup="false" disabled="true" useConsole="true" showConsoleOnStdOut="false" showConsoleOnStdErr="false" synchronizeAfterRun="true">
    <exec>
      <option name="COMMAND" value="C:\ProgramData\Anaconda3\Scripts\black.exe" />
      <option name="PARAMETERS" value="$FilePath$" />
      <option name="WORKING_DIRECTORY" value="C:/ProgramData/Anaconda3/Scripts" />
    </exec>
  </tool>
  <tool name="autopep8" showInMainMenu="false" showInEditor="false" showInProject="false" showInSearchPopup="false" disabled="false" useConsole="true" showConsoleOnStdOut="false" showConsoleOnStdErr="false" synchronizeAfterRun="true">
    <exec>
      <option name="COMMAND" value="autopep8" />
      <option name="PARAMETERS" value="--in-place --aggressive --aggressive $FilePath$" />
      <option name="WORKING_DIRECTORY" value="$ProjectFileDir$" />
    </exec>
  </tool>
</toolSet>